{
    "parent": "minecraft:item/generated",
    "textures": {
        "layer0": "minecraft:item/paper"
    },
    "overrides": [
        {
            "predicate": {
                "custom_model_data": 1001
            },
            "model": "minecraft:item/chalice"
        },
        {
            "predicate": {
                "custom_model_data": 1002
            },
            "model": "minecraft:item/crown_gold"
        },
        {
            "predicate": {
                "custom_model_data": 1003
            },
            "model": "minecraft:item/gem_purple"
        },
        {
            "predicate": {
                "custom_model_data": 1004
            },
            "model": "minecraft:item/gem_red"
        },
        {
            "predicate": {
                "custom_model_data": 1005
            },
            "model": "minecraft:item/gem_yellow"
        },
        {
            "predicate": {
                "custom_model_data": 1006
            },
            "model": "minecraft:item/hourglass"
        },
        {
            "predicate": {
                "custom_model_data": 1007
            },
            "model": "minecraft:item/ring"
        },
        {
            "predicate": {
                "custom_model_data": 1100
            },
            "model": "minecraft:item/zeus_scatter"
        }
    ]
}
